{"stats":{"minecraft:mined":{"minecraft:grass":2,"minecraft:grass_block":2,"minecraft:dark_oak_leaves":17},"minecraft:picked_up":{"minecraft:dark_oak_sapling":1,"minecraft:dirt":2},"minecraft:custom":{"minecraft:jump":64,"minecraft:time_since_rest":2730,"minecraft:damage_dealt":20,"minecraft:sprint_one_cm":11938,"minecraft:leave_game":2,"minecraft:play_time":2730,"minecraft:time_since_death":2730,"minecraft:walk_one_cm":10203,"minecraft:total_world_time":2730,"minecraft:drop":1,"minecraft:fall_one_cm":1732,"minecraft:fly_one_cm":11598},"minecraft:used":{"minecraft:dirt":2},"minecraft:dropped":{"minecraft:dark_oak_sapling":1}},"DataVersion":3465}